id,split,early_dr,sensitivity,specificity,accuracy,dice,jaccard,vessel_density,tortuosity,branch_points,glcm_contrast,glcm_homogeneity,glcm_energy,fov_agreement,baseline_sensitivity,baseline_specificity,baseline_accuracy,baseline_dice,baseline_jaccard,abl::w/o CLAHE,abl::w/o DFT high-emphasis,abl::w/o restoration,abl::Single-scale Frangi (sigma=2),jpeg80_dice,jpeg80::vessel_density,jpeg80::tortuosity,jpeg80::branch_points,jpeg80::glcm_contrast,jpeg80::glcm_homogeneity,jpeg80::glcm_energy,jpeg70_dice,jpeg70::vessel_density,jpeg70::tortuosity,jpeg70::branch_points,jpeg70::glcm_contrast,jpeg70::glcm_homogeneity,jpeg70::glcm_energy,risk_score,risk_band,contrib::vessel_density,contrib::tortuosity,contrib::branch_points,contrib::glcm_contrast,contrib::glcm_homogeneity,contrib::glcm_energy,jpeg80_score,jpeg70_score
21_training,training,False,0.7140365111561866,0.9808957452102514,0.9517375886524823,0.763766543718811,0.6178174032082558,0.09889891921563562,1.0918150562353834,72,1.1178722440222304,0.7016823240777271,0.24882924946358378,0.9970208510122439,0.9626774847870182,0.053650161731774074,0.15297429078014185,0.1989528356857501,0.11046508921464117,0.615893149875037,0.741680992864376,0.76784680287865,0.735964372009286,0.7570297809069839,0.09720429314351049,1.0923422188207221,75,1.0516144246033257,0.7157391126172363,0.24960900533053487,0.7541894590605193,0.0987523399389541,1.0894882330895894,77,1.0260175658156605,0.725347662150022,0.25227419728721695,0.20491065606382777,Low,0.15,0.05067945377935127,0.0,0.0025150600587830127,0.0016804897961304355,3.565242956303783e-05,0.2061187081524048,0.19756662218661997
22_training,training,False,0.6869127516778524,0.9805948879657985,0.942157181381376,0.7566069118462392,0.6085017835909632,0.1122402338068877,1.1375007784768403,98,1.3374996730397775,0.6754203343558001,0.21797738178475862,0.9960601285004242,0.7566778523489933,0.4791799318799713,0.5154994158621962,0.29018351221269917,0.1697161738030904,0.6724779922946127,0.7267595484025943,0.7567905088979082,0.711493670886076,0.7436873709533822,0.10619448588677084,1.1339734431914394,85,1.2216717817936584,0.6975519978364885,0.22425656050003048,0.7470331277301787,0.10876184579558003,1.1276181584167302,85,1.1682442164012632,0.7101961600559799,0.22950778741521877,0.48584193163861683,Medium,0.123156350502585,0.22425143698827904,0.029782359679266776,0.04490203399195348,0.02662923450020831,0.03712051597632421,0.4203805557397705,0.3681651125118839
23_training,training,False,0.7628258266556139,0.8658759256658256,0.8560698023989096,0.5021600400175835,0.3352561377942397,0.20391735857054655,1.106350672381228,354,1.2339681741485011,0.6875420868825339,0.1946743838709867,0.995899502970057,0.91761075803629,0.3110866796142837,0.36880278017590834,0.2167162458329028,0.1215265071116641,0.6162270481871563,0.5289417018901029,0.48678134380050797,0.5430669354689552,0.5132044347867464,0.19030627279089468,1.1034974311666454,254,0.992367944125309,0.7219490913348419,0.2099644650963655,0.5146750020036868,0.18728673460459846,1.113190987403255,235,0.9889120202992878,0.7267606919492047,0.21524318563178563,0.3610700861352858,Medium,0.0,0.10590405345326229,0.15,0.024920982606900895,0.015113636772935158,0.06513141330218748,0.2918161257714285,0.32229929677139546
24_training,training,False,0.6589820751013999,0.9842436586794434,0.9296610839342017,0.758706917329477,0.6112230285672677,0.13009703357149124,1.100507345673124,95,1.0722483104002745,0.7054499875380068,0.23901021510817264,0.9957206934173839,0.0012037158183959178,0.9844177910517068,0.8194233420865425,0.0022322511767845876,0.0011173727166731442,0.6537762914424432,0.7364360693056785,0.7688677862774407,0.7167991659064251,0.7485065619604907,0.1258786503560816,1.0992904346436805,82,0.8697781251354251,0.7400143164910347,0.2572345190182281,0.7448945733160387,0.12984425346604225,1.0999955536313988,86,0.8585595999813158,0.748599499247662,0.261179402856643,0.20440868586523792,Low,0.08252059809726794,0.083703730124611,0.0263459335624283,0.0,0.0,0.011838424080930655,0.1826552656061069,0.18089178988434557
25_training,training,True,0.6261685194542699,0.9783595131273697,0.929310966652299,0.7115888454222445,0.5522995069500544,0.11135690485005553,1.1176119254337884,88,1.996738855856459,0.624945153625531,0.19382547702408648,0.9954145957085707,0.9775770591207681,0.020771801449171682,0.15402309972642747,0.24349166768272298,0.13862255202712084,0.624746532565496,0.7009201598661585,0.7195526586158691,0.6715112260816335,0.7082438548229657,0.1142824068714838,1.1160960391806887,93,1.7998924160566232,0.650336153714055,0.19806257621923803,0.7071125999184701,0.11463590816902974,1.1102391610635935,109,1.6437561128543945,0.6717754799764418,0.20481741625838745,0.605046629381564,High,0.12516649438365327,0.148688493095475,0.01832760595647186,0.17213183485413436,0.07458037648394937,0.0661518246078801,0.5311525642097108,0.46780364735513913
26_training,training,True,0.7553098632528368,0.9569120832405514,0.9322854654985517,0.7315509528338441,0.5767286864759789,0.1353317434788235,1.0942158265313602,172,2.6155728814327435,0.5913594266202806,0.1661268444789369,0.9967602133591951,0.9751600232761128,0.047339014959817,0.16067652337710803,0.22109164670522902,0.12428501237612288,0.7251682038487495,0.7554187700564866,0.6922404583859376,0.7228225180586234,0.7184502929029359,0.14035128253707135,1.0973320221936904,190,2.235712536309944,0.6226444904972328,0.17389238091121034,0.7118294005266691,0.14148348473291264,1.097972095208833,204,2.1497529344597313,0.6424794336243747,0.18047989814300197,0.694402801807619,High,0.07060825218354666,0.059800606757942756,0.11454753722794912,0.25,0.1,0.09944640563818048,0.6511220302941532,0.6224600068174425
27_training,training,False,0.724261291321248,0.9724686171417072,0.9407969239682916,0.7574013453721357,0.6095301508265061,0.12239144777820328,1.0820007065698136,115,1.5724564525595617,0.6530261944494256,0.20763693851401518,0.9960752818523457,0.9647414949606137,0.024457246358582173,0.14443917726686156,0.22346431032902941,0.1257865584284529,0.6286919831223629,0.7535636171656988,0.7623709103532066,0.7322987775837434,0.7510298059108161,0.12234410606046628,1.0807142766121958,107,1.3934605364363224,0.6763607931897977,0.2146980641455969,0.7451185620962212,0.1215167101044814,1.0789471833186117,115,1.3728490129447921,0.6861170243631514,0.21657883706824127,0.3504044756428426,Medium,0.1000557824842633,0.013392177760039085,0.049255441008018125,0.09024749440860798,0.04790354331333899,0.04955003666857513,0.2712602006025971,0.26008618557047214
28_training,training,False,0.7018845664255332,0.973267458666038,0.9348163658518346,0.7531649786780383,0.604061456245825,0.12861250300464103,1.0897904393440447,108,1.8139985170248936,0.6370054481768604,0.19636931792263576,0.9963359195053946,0.6991213635940265,0.5693990303303642,0.5877788384133869,0.32459548091823126,0.1937415574694348,0.6808760725620029,0.7507093916534017,0.750800485812079,0.7203046893596763,0.7450954223942347,0.12821698187348887,1.091139590333956,105,1.6598648962513138,0.6543914643661319,0.1995263805126356,0.7443611527569548,0.12863774656223123,1.0933320200781154,115,1.6205380416984556,0.6669704351289989,0.2037074790797167,0.4332044799390803,Medium,0.08589886393145336,0.04298740576464209,0.04123711340206169,0.13686388124177637,0.0631231634927389,0.06309405210640791,0.3857353914391961,0.3799966066958103
29_training,training,False,0.7373639051121206,0.9604150903688412,0.9331966618127747,0.7292792070029059,0.573909871485493,0.131115776622704,1.0868606893180737,143,2.1073774733035684,0.6152902300824368,0.1716855248383733,0.9961086192265729,0.7317759030932295,0.42966162418387444,0.46652794214043436,0.25081089096065096,0.14338694979549452,0.7340920019233852,0.7438726870097211,0.7178370284664205,0.7191215724338753,0.7246412492965673,0.13468047720336632,1.0921148330362516,152,1.8564804131303236,0.6408313354850549,0.1775245312085002,0.7222281242253621,0.13290419244749035,1.0855509842002722,153,1.7501905711079315,0.6573266175353656,0.18279010312931526,0.5633893024162353,Medium,0.08020229969333009,0.03185652072299653,0.08132875143184388,0.19348452388168735,0.08375250034678572,0.09276470633959172,0.5058440266163088,0.44358072376709357
30_training,training,False,0.6886810681299996,0.9746849271533702,0.9421189039818005,0.7304287236658743,0.5753349475383374,0.10583552294357501,1.0933485494380553,72,1.7858215774088235,0.6404631923176328,0.2053682904087124,0.9972663353133713,0.946632144375314,0.14210803348859383,0.23371571642927233,0.21956018051690218,0.12331794543925977,0.707508185615897,0.7281601794541602,0.7197996686247929,0.7053695798696922,0.7241238959664618,0.10745897701234386,1.0894886385002327,83,1.5966348682387212,0.6690908360727905,0.2111600746524987,0.7170737596072593,0.1100929725333629,1.0832623622574131,98,1.5023498766873065,0.689022137988366,0.21785326951900566,0.43777801948487277,Medium,0.13773120424458177,0.056505594712800825,0.0,0.13142587556841642,0.05983832572021763,0.05227701923885613,0.3613489626749991,0.3037052351983816
31_training,training,False,0.7592099311453988,0.9584801062539701,0.9410674524925231,0.6924434461735922,0.5295705521472392,0.10957070112506867,1.0862324648291422,85,1.2468523646808969,0.6835084435456327,0.21247541980761095,0.9960692205115772,0.9142584309192341,0.061711997844122346,0.13620932714392997,0.15610036555854945,0.08465773442481048,0.6489193311652804,0.7154855907056279,0.6729257641921398,0.7138765117759389,0.681369651220954,0.11116188049809383,1.0989616072336093,90,1.0967259286655555,0.705717387675305,0.21795023629250182,0.6797580312542963,0.1096230021329049,1.0865167738208577,87,1.135257193535796,0.705373758557749,0.2151461247992889,0.26367935261187303,Low,0.12923126149034947,0.029469731916901883,0.014891179839633388,0.02740756568393099,0.018945575590412923,0.04373403809064437,0.2612130694497874,0.2232383073285537
32_training,training,True,0.7202107137557501,0.98015536295129,0.9490050857102212,0.7719437762182151,0.6285899303869192,0.10783829107052938,1.086375280206671,73,1.4060961516028947,0.6651630434590053,0.21293218449901485,0.9960237604558129,0.8146609289212049,0.5243045033032305,0.55909915356711,0.3069225286167522,0.18128085324175733,0.6978889398806792,0.7473340213278293,0.7734734330196485,0.7402093582713856,0.7677276269256129,0.10678646406540457,1.0852067734169597,73,1.3198485558789255,0.6809668517685421,0.21475840480663339,0.7605371941691885,0.10918771886810782,1.0877721956712318,76,1.3142402712337278,0.6887030583630702,0.21604987016932992,0.30203081536630977,Medium,0.13317361325375368,0.03001232481232363,0.0011454753722794913,0.058140804585265105,0.03637360401101991,0.04318499333166797,0.26613089114278227,0.2638655169067621
33_training,training,False,0.7246523482889163,0.9778870878697298,0.9482212015561742,0.7663006857188156,0.6211405622489959,0.10974906192452012,1.078095283974364,84,1.4226523262228665,0.6648089504606898,0.21805211115197765,0.9961328645896472,0.0017991678848532553,0.9848800600818666,0.8697143208423715,0.003225047871804347,0.0016151283690568324,0.6808620406631803,0.7668224492328053,0.7624411725793343,0.7407295878860879,0.7622989593188269,0.1110562274951528,1.0839967840424956,88,1.3485600300177158,0.6789763672795877,0.21927795440910994,0.759140462041009,0.11147130672503683,1.084471061704016,90,1.3598219032224745,0.6832454015350221,0.21709303395650228,0.2776478212604352,Low,0.12882537547600942,0.0,0.013745704467353896,0.061336061867968604,0.03670999039720072,0.03703068905190252,0.27099897097046954,0.27489151767036846
34_training,training,False,0.7738718369622448,0.8502226454917505,0.839341049341844,0.5785939236754354,0.40705744355022644,0.2501746286539022,1.1520583950628507,456,1.7929021426476128,0.6383202584084253,0.15580846941989454,0.9982240271548066,0.7588503112707901,0.25351728398239426,0.3255378693575584,0.24282939205930743,0.13819340646944359,0.6117634283077007,0.5907575271074665,0.5730276708157965,0.6138350985541543,0.5717640152626945,0.2446015881898613,1.1388367244466655,418,1.628120748449018,0.6552331118838935,0.15966123868813573,0.5734357014868697,0.24046294111932945,1.1800180134911644,417,1.6227455068832082,0.6606481894735607,0.1616906583206737,0.6946664896149413,High,0.0,0.25,0.15,0.13279238855612113,0.061874101058820075,0.1,0.626124448089054,0.6406157157501385
35_training,training,False,0.7746749615545925,0.9661414632675824,0.942076733173436,0.7707420543848669,0.626997821843795,0.13344536883997082,1.0969722158948862,135,1.937828508037478,0.6247936129356713,0.188007550367511,0.9962116620196387,0.7472389207325598,0.4140850306982727,0.45595793468806833,0.2566488004849678,0.14721577646337852,0.7487596030729834,0.7742226716261601,0.7576428161626096,0.7628471484065478,0.7682335009372975,0.13142052536817322,1.1044198894031014,133,1.846571598878733,0.6400950920324532,0.18850902307199663,0.7686257987500877,0.13091076994112893,1.0887190545609735,137,1.813638939814659,0.6484254290368101,0.18951569170175595,0.5259706937426727,Medium,0.07490097281538319,0.07027284939415675,0.07216494845360795,0.16076243810543567,0.07472433929954804,0.07314514567454114,0.5238320016040381,0.45444270134951514
36_training,training,False,0.7374874595920188,0.963487741267842,0.9277958955535898,0.7633772752185075,0.617308140891066,0.15463131180051867,1.0916167772938803,152,1.9433209745976707,0.625453288018641,0.1815669699440799,0.9966268638622864,0.7536506521012151,0.4916036439087873,0.5329882887283962,0.3376258575164949,0.20309859789571708,0.7057354082976066,0.758693808312129,0.7597222801964632,0.7460380791267017,0.7590593064770247,0.15396601548953878,1.0873506113319262,152,1.8240829606005335,0.6425542105728868,0.18514672366054227,0.7576083990406021,0.15605575699274826,1.091158418305807,170,1.7420400060462056,0.6574468974180506,0.18951348331051115,0.48506046247901785,Medium,0.02668926948853537,0.049926140327866894,0.09163802978235931,0.1618224561457921,0.07409765162633981,0.08088691510812439,0.4268050823455857,0.4219041630320819
37_training,training,False,0.7509101626157206,0.9571050442410951,0.9309288424462775,0.7340609429549537,0.5798548823261667,0.13951390976574243,1.0822678533524488,175,2.0847393325062047,0.6210825552527501,0.18613729333524132,0.9964025942538489,0.794979369647377,0.36952784289999746,0.42353842226193517,0.25933717905214343,0.148987601694695,0.7344291323427515,0.7494818925849169,0.7055831265508685,0.7411520316837834,0.7312934961139238,0.1398209203859235,1.0922952293792656,188,1.8929735810901738,0.6401433134780048,0.1896925200676865,0.7230078639171083,0.1407894615035687,1.0892726086880011,193,1.8919683234165499,0.6464768057844917,0.18975874354644948,0.5362407762438386,Medium,0.06109112279903208,0.014407138115154029,0.1179839633447876,0.18911547813833152,0.07824982353336458,0.07539325031316874,0.5291390121087038,0.5148882126566824
38_training,training,False,0.7925694420058292,0.9600398488978341,0.9389587311691068,0.7657466623691666,0.6204128755600758,0.14082632405952492,1.0784957890169942,130,1.6094568521124826,0.649311975882248,0.199378637413829,0.9998363437992484,0.8256838852407206,0.4037178819400547,0.45683481858688735,0.27678145765525036,0.1606188947332468,0.6900118203309693,0.7656395557147976,0.7645506596962908,0.7645508621338755,0.7626386337347758,0.14014314380033843,1.0861000933706144,118,1.5017088635868574,0.6667700024152379,0.20272967651979798,0.7587418493868036,0.14205717245142377,1.0826541543189778,129,1.444493988215923,0.6791953680298498,0.20583662957749932,0.33291535910681586,Medium,0.058104532648592104,7.60811596309372e-05,0.06643757159221049,0.09738838285948197,0.051432030369683,0.05947676047721733,0.3082071783744542,0.27677887644613447
39_training,training,False,0.7446027938478905,0.969690425489172,0.941638090213664,0.7607720170838514,0.6139080359479976,0.12530468663441297,1.1280605503644459,107,1.2747339465295617,0.6804347710532299,0.23102981284192275,0.9968299187780337,0.8931847043883167,0.29218228936477963,0.36708432251824497,0.26022209318458606,0.14957201845430432,0.6898477157360406,0.7392542476539954,0.7577536759107291,0.7478850742442468,0.757025211298129,0.1247478407784738,1.129934529007139,104,1.1002345093337687,0.7082121950173649,0.24171807144675123,0.7521826729348556,0.12344738773419,1.1293265854330055,99,1.0743701664967467,0.7198037221130013,0.2444298405092216,0.39798868843541485,Medium,0.09342628255039795,0.1883855463988098,0.040091638029782196,0.032788568814193446,0.02186554742532978,0.021431105216901683,0.3354374589544079,0.3271000892038493
40_training,training,False,0.82104,0.958415439611039,0.9432842528219091,0.7612795549374131,0.6145692984819905,0.133809202187208,1.093615655747302,108,2.394864849110384,0.59854687134099,0.1742955001012168,0.9969087162080252,0.80272,0.5561210848921149,0.5832826667371593,0.29792161520190025,0.17503401597878798,0.7649448877961369,0.7697631292178867,0.7403022714138107,0.7784214634948026,0.7556879839614487,0.13587449340266855,1.0867192112118413,119,2.0754924380036934,0.6290861979169501,0.18033719368812579,0.7521990910423692,0.13682744323151178,1.0868671747458623,120,1.9614231845205707,0.6492617756897622,0.1877177103857226,0.6110846899287941,High,0.07407301696606948,0.05752040129894922,0.04123711340206169,0.2489681215313484,0.0996585983672404,0.08962743836312477,0.4948719213225452,0.4443579002588702
01_test,test,False,0.8128994968040256,0.9600851434872926,0.940791614113746,0.78258023337643,0.6428187342044416,0.14631792788217368,1.1065847505956885,128,1.6586403905136313,0.6445857071810555,0.20217604730819305,0.9939083525275791,0.8826329389364885,0.3303003103121073,0.4027017029374669,0.2792298590943315,0.16227028378547317,0.7530597827124663,0.7798827396888873,0.783233456788161,0.7764578051430641,0.7786081500583085,0.1453807172257048,1.1068768873407053,128,1.6248078688099024,0.6568588153135021,0.20127154787104262,0.7721798805635289,0.144159209863768,1.1066081086414234,141,1.5679707777529985,0.6699861055517649,0.20415954584757195,0.43546429061998104,Medium,0.04560758716076759,0.1067933776866669,0.06414662084765152,0.10688055498696256,0.05592195944502931,0.05611419049290314,0.42160530027407694,0.41134345654659377
02_test,test,False,0.7816623669305816,0.970616207855187,0.9423067525001444,0.8023620369524853,0.6699537437096528,0.1476068064446157,1.084539812979709,127,1.7368296574138864,0.6398947843444772,0.1918001094791594,0.995805552188144,0.9926459686267533,0.01704082272527748,0.16320800401622484,0.2622394741892903,0.15090656640790528,0.7715709777003604,0.8055331804944544,0.797748793996784,0.7712429246072948,0.7938823673644527,0.14547308395002492,1.0901475124865911,105,1.4240463996004524,0.6761178804977437,0.2035919118237881,0.7963671868945957,0.1421168957609483,1.088581797753838,108,1.4078749002237927,0.6887497742872645,0.20853636469920006,0.3796499788798797,Medium,0.042674555999846236,0.02303890574246603,0.06300114547537203,0.1219706848162838,0.06037831014486242,0.0685863767010492,0.2716588195137653,0.2557195568457001
03_test,test,True,0.6994465730097914,0.9684403213009681,0.9292508206816198,0.7423112918320586,0.59021861849533,0.134020761054363,1.1068724997627324,128,1.8448091555134214,0.6355716422270047,0.19293694214526544,0.9965844344769063,0.7770783920209208,0.5930948294190551,0.6198992588392173,0.3733136608988452,0.22949332758589722,0.701976887855222,0.7439532372250887,0.7100119777355034,0.7084274760269708,0.7399024390243902,0.13188180691072837,1.1065244027374526,137,2.0096779018376947,0.6301718362366835,0.18622177777857488,0.729012405038946,0.1360712358835546,1.111229053827976,159,1.9524521108875477,0.6409162064841775,0.18835859022011053,0.5201401351876243,Medium,0.0735915839064962,0.10788661187757133,0.06414662084765152,0.14281017736844653,0.06448527119961507,0.06721986998784367,0.5790148448790944,0.5887359536014112
04_test,test,False,0.6494413868107966,0.9887088433028788,0.9434740769058385,0.7539214936108348,0.6050353085661652,0.10130107660971858,1.0789510247892737,55,0.9693909297174748,0.7188491299086297,0.24942245321143391,0.9961358952600315,0.8713377055663579,0.1684699392599653,0.26218378834416484,0.239496711777814,0.13603877560471112,0.6576290121600138,0.7409388581879683,0.759183057118049,0.7052366421593725,0.7516639095141,0.09993581722222479,1.0814215016310034,51,0.922204532818568,0.7317274421648174,0.24818271008968598,0.7498655397618132,0.1002738056210955,1.0811278450235984,45,0.9241763842088744,0.7363624409468276,0.247398180283616,0.14985563893789058,Low,0.14804999825844734,0.0018056406794432574,0.0,0.0,0.0,0.0,0.1620044390267603,0.16183178911385007
05_test,test,False,0.7118260081558677,0.9793490688279682,0.9430461191165297,0.7723154715921062,0.6290830044047824,0.12025807166195936,1.106214758240913,114,1.9256819890622232,0.6260021567397844,0.19304156506333836,0.9963177354830889,0.9779921030487411,0.017525851774689398,0.14786137474582003,0.23750501057132303,0.13475499901892582,0.7093151509074501,0.7614289650105611,0.770130197396052,0.7379225189072388,0.7689027099067082,0.11703476869295726,1.1123641700515614,97,1.667378840317859,0.656159203638695,0.20150312360444173,0.764986436410702,0.11764841562371697,1.109284292811955,101,1.6183950759617238,0.6721206497407513,0.20439612066218785,0.5574967981855178,Medium,0.10491059100482185,0.10538768015930562,0.04810996563573863,0.15841822187759033,0.07357622938282914,0.06709411012523213,0.4800507700513587,0.4434406002316661
06_test,test,False,0.6071328453511914,0.9883363869924358,0.934540371606029,0.7235874972158289,0.5668915774778966,0.1004586647963233,1.0889855113328286,74,1.1323734648731163,0.7006312397928753,0.25560511974240274,0.9970511577160868,0.9609406634480611,0.12499360266947808,0.2429637053349685,0.26376604667267994,0.15191849356891016,0.639970459114594,0.7200179667614912,0.7411810771366533,0.6778324338318762,0.7253730248927668,0.10363596074122633,1.0893884021855713,83,1.116969648556715,0.7100631539088832,0.2499463628903849,0.7242208877380494,0.10320399737695228,1.095736522852022,82,1.1059294945290867,0.7192294034543099,0.2536559018752424,0.20017998989645353,Low,0.14996702921156924,0.039929274156066584,0.0022909507445589825,0.005313721742140151,0.0026790140421185773,0.0,0.1991376833531057,0.22096267751940774
07_test,test,False,0.7181528662420382,0.9625020882798143,0.9301504337322939,0.7313637054679978,0.5764959654869377,0.13418649868145774,1.0933054004759202,130,1.6649159715602624,0.6434233936115706,0.1876022660143929,0.9958601042550612,0.5984938959660298,0.6210164480511919,0.6180344789722192,0.2932399265315411,0.171810866149231,0.7026533930908658,0.7370394173093402,0.7243430837878037,0.7218540479789172,0.723909584024914,0.1305995292380117,1.0954855690362644,125,1.4941507356357542,0.6653761854628318,0.1936556796373651,0.721829253812359,0.13297361667559035,1.1219541773580903,130,1.4311357306747878,0.6753465133462668,0.19630751638827135,0.43474382645688375,Medium,0.0732144237620331,0.05634166054335482,0.06643757159221049,0.10809171013014733,0.05702615089503778,0.0736323095341002,0.38437391732482634,0.46043894590334167
08_test,test,True,0.6583306841863587,0.963886928307022,0.9254821352464839,0.6895173970144837,0.5261553228128617,0.11885529656127394,1.2608814271868467,100,1.3319353309227484,0.6754458730017514,0.21789218977956462,0.9963813795611589,0.9575076825262265,0.0407592275702382,0.15598362693564427,0.22189752342128852,0.12479456406148577,0.606587454132448,0.6657109292555203,0.6971936020297955,0.6664172123479888,0.6806294367319704,0.11831965964986757,1.2250463505404448,111,1.163826682051679,0.7012734857056943,0.22797370343788032,0.6806632293482696,0.11816034035641444,1.163130361692614,110,1.1316815265630162,0.7136244653145509,0.23064435658404703,0.49783215734176567,Medium,0.10810281035113435,0.25,0.03207331042382576,0.043828144335616846,0.026604972928077855,0.03722291930311089,0.4425528257663501,0.43028696499825925
09_test,test,False,0.6704188481675393,0.9808480987457695,0.9443863656329614,0.7390291662372462,0.58607950830391,0.10046785028790788,1.104516627454618,81,1.2468424328030145,0.681364125004331,0.2330658423775159,0.9965662504546006,0.0015706806282722514,0.9851433406330878,0.8696169726785558,0.002821916887828804,0.0014129520605550884,0.6102690222846818,0.7176938369781312,0.7485382411803948,0.7063654099178803,0.7293673198272999,0.09890054119394859,1.113125703968308,78,1.1410019673866607,0.7031083242351017,0.23674192829109342,0.7229189479556207,0.09997092392683907,1.1134256374879443,84,1.1171084917431893,0.7138876310105706,0.23727487610848627,0.32656349500736237,Medium,0.14994612628569942,0.09893603807367665,0.010309278350515422,0.027405648882141753,0.020982666321831857,0.01898373709349728,0.31038676768666745,0.3128214099856244
10_test,test,False,0.7404979375368297,0.9719102807473274,0.9442709341403762,0.7604243490100414,0.6134553775743707,0.11893403596357417,1.1000949627562615,101,2.143556450762231,0.6133605596142617,0.18488743151325085,0.9963116741423202,0.7959634649381261,0.368098711159956,0.4192018721517428,0.2466306816236634,0.1406609999609492,0.7387421462943117,0.7624155894269729,0.7441893550050682,0.740591509512337,0.7530434782608696,0.11903176892636562,1.0932353248147948,109,1.9236179605006511,0.6354411179767169,0.1874153778479626,0.7480221741990041,0.12050471144154391,1.0950539122633618,117,1.8415828205649838,0.6528082232602053,0.19219048415082002,0.5862275730322334,Medium,0.1079236273564996,0.08213697978753616,0.033218785796105245,0.20046688205675195,0.0855856765982143,0.07689562143712617,0.5026453334135674,0.47729569179907994
11_test,test,False,0.7160803169335997,0.9597238262869362,0.9281387447654665,0.7209504491451754,0.5636610783869506,0.1344197398714583,1.0969637921874298,143,1.762458161880076,0.641354321320821,0.19659109038495048,0.9961237725784944,0.7808214539667491,0.43510472511234055,0.4799222172474036,0.28019270842825983,0.16292099109092065,0.6939673969473575,0.7343681519357195,0.7055137243617412,0.7134259347713942,0.7211106714607669,0.13188323578383215,1.1004279901538319,134,1.5017536307984538,0.6680200883415082,0.2035450282152895,0.7275892080069626,0.12877498397058892,1.0981646780502459,132,1.5025602277631456,0.6756801774086195,0.20440877898216311,0.4729893349860138,Medium,0.07268364941430412,0.07024084553086084,0.08132875143184388,0.1269168555000363,0.058991758105412,0.06282747500355668,0.39760781751361846,0.3856316064997183
12_test,test,False,0.7538083538083538,0.9675463927880873,0.9407921618593617,0.7611823917204225,0.6144426642252232,0.1289485830333241,1.0953452917712438,127,1.84223298950676,0.6310635739827479,0.19402005116966856,0.9965086677172991,0.001088101088101088,0.9858624413027647,0.8625952856923178,0.0019785550165943326,0.0009902571474205398,0.7022012313401367,0.7585122902700451,0.7345398238652859,0.7377874965832325,0.7546867203649583,0.12751148138745932,1.095601467908977,120,1.7072136340536122,0.6498694394415807,0.19675953516365804,0.7499029126213592,0.1300218396058713,1.1006133971640477,138,1.6772898298914196,0.6578779347283135,0.19588771512404932,0.4892257924939417,Medium,0.08513406480652795,0.06409174000556948,0.06300114547537203,0.14231299046487833,0.068767911050038,0.06591794069155593,0.43823462285965814,0.4598469065618844
13_test,test,False,0.6837405432221257,0.9763582725559289,0.9348747252747253,0.7485403937542431,0.5981338830422046,0.12317327766179541,1.0821493987254343,107,1.4797378898035585,0.6629692031389413,0.21552909557896638,0.9963419808461632,0.47624953491256355,0.725262230599033,0.6899604395604395,0.30339542141545023,0.1788250634502992,0.6503045214375025,0.746010144748237,0.7492788887635561,0.7128852580764946,0.7414838609932489,0.11989950259325799,1.0767381871905815,107,1.361499717450362,0.6826849169192354,0.22042441931809068,0.744889950520389,0.12173808622075247,1.0770212833848076,117,1.2861318669632655,0.6971940213870804,0.22679762054205646,0.30319980426081816,Medium,0.09827661454871284,0.013957098069326964,0.040091638029782196,0.07235328456314397,0.03845774015783641,0.04006342889201581,0.24925915076266889,0.22053998195143326
14_test,test,True,0.7781157297885922,0.9576956475908907,0.9365209383052768,0.7429769993366917,0.591060783251091,0.13419636403813662,1.1438685414084713,141,1.7297910502480436,0.6404243998778616,0.19244569658676441,0.996466238331919,0.9173519582441515,0.21071362242311378,0.2940350846121831,0.23455990014641992,0.1328619986403807,0.7315403001787291,0.7513630168105406,0.7342954303212818,0.7414380782340529,0.7391099684976645,0.1316460473507861,1.1090784147225465,128,1.524562038532459,0.6640739063582299,0.1983554452140824,0.7356587328798022,0.13251758553382684,1.1391561531792436,127,1.469087933345164,0.6755232233432624,0.2036182055844918,0.6489718144257448,High,0.07319197370397804,0.24844423041301628,0.0790378006872849,0.12061226952271603,0.059875178323030624,0.06781036177571902,0.438528733630136,0.5217641231869198
15_test,test,False,0.8290276130780959,0.9216368472190871,0.9120205458367415,0.6618094529718034,0.49455546853288196,0.16438280140777978,1.0882506959628593,195,2.501798085459577,0.5907252234199408,0.15691585197949634,0.9957994908473754,0.888615957987464,0.11539782708973315,0.1956867815333738,0.18662278751222983,0.10291448807620243,0.7126911787424687,0.6738493363213239,0.645598490442202,0.7085061617072438,0.6482052301879289,0.16983557437993602,1.1003691802100348,208,2.305824157988398,0.6109556384213336,0.15972653924668873,0.6445280279784882,0.17111097753260984,1.1092659360043926,227,2.248487316857119,0.6205458688257728,0.16239265208423334,0.6325293221252944,High,0.004498332563254659,0.037137518771662444,0.14089347079037742,0.25,0.1,0.1,0.6528328640303582,0.6664575777112929
16_test,test,False,0.7342821657547581,0.9728654947120559,0.9416497580085553,0.7670594010800197,0.6221381644435596,0.12577904990535987,1.0770774225411313,126,1.6258692867251474,0.6483861682971173,0.20410279305617787,0.99609952721542,0.0007720452485650028,0.9845934624538284,0.8558723550027668,0.0013997504792623923,0.0007003654080389768,0.677280925430686,0.7547961742037329,0.7784168356660793,0.7575449434968631,0.7605643616094757,0.1275256722813239,1.077170148220407,134,1.5370108655327095,0.6624503941975741,0.2047456135897476,0.754484324513143,0.12684220006373514,1.0776035208844363,128,1.50273102885032,0.6733091353674676,0.20690218472692176,0.3608680960761266,Medium,0.09234679973810901,0.0,0.06185567010309253,0.100555899053697,0.05231154244516143,0.05379818473606657,0.33477435678526885,0.30993300492827847
17_test,test,True,0.6561344296434598,0.9826645054107144,0.9424040658036869,0.7374793171637274,0.5841324638792993,0.10016889397519196,1.1116949460363892,83,1.1065558788876924,0.7033460754167851,0.247856103228321,0.9981300763728936,0.9433413521956123,0.1836007130124777,0.2772750615360096,0.2434962325878831,0.13862551114628677,0.6216010516847713,0.7177085739484681,0.751120336780026,0.7064630572265926,0.7196188722301179,0.10206804844376931,1.1369795689253646,80,1.1118216065730888,0.7103209282127719,0.24341204888155715,0.7169208656072826,0.10272125181278231,1.106647522413045,93,1.1244700134001324,0.7148301845220546,0.24268317791964003,0.2904449707834822,Low,0.15,0.12620834397612954,0.012600229095074406,0.00033105928929087275,9.993524376278318e-05,0.0012054031792245957,0.38563427752768986,0.2871168387922191
18_test,test,False,0.7921511627906976,0.9660392717453888,0.9460661125072491,0.7713796185935637,0.6278421148365974,0.12727213935634074,1.0934937508125882,116,1.7414657964193712,0.6413967925157344,0.20033845933222252,0.9959358710146684,0.0,0.9850546985129152,0.8719092139254521,0.0,0.0,0.710433136621757,0.7688142072150992,0.7561246829064878,0.7758610029060781,0.7660664535068529,0.12634084344309648,1.094305080116243,113,1.5406034330694451,0.6652433453658487,0.20781464137602992,0.7604699639946939,0.12311291747004943,1.0914278945831792,110,1.562538981281877,0.6704575189336823,0.20602333801898376,0.4365470985923182,Medium,0.08894905691471029,0.05705725263360886,0.050400916380297624,0.12286543600494493,0.05895141070559991,0.058323025953156575,0.367906325533449,0.36231754990317344
19_test,test,False,0.8114517484561699,0.9732128126546713,0.9537442609108661,0.8085269059928639,0.6785943468296409,0.12726752265791283,1.0886270861292253,102,1.665937581340371,0.6465104404802854,0.204340481565186,0.9970360043641654,0.8833266342675485,0.49140840211777764,0.5385772336271043,0.31544333529066354,0.18725599553820413,0.7854503653830364,0.8014990000194171,0.8022554994682018,0.8088045057416363,0.8057203158545905,0.1275078782726021,1.086455854149186,99,1.522340449721502,0.6672453287986376,0.2086421118641983,0.8022044418404526,0.12592305061875583,1.100490775963122,97,1.480087558649088,0.6807387067680957,0.21262529247565948,0.3777861724654109,Medium,0.08895956288536123,0.038567523255146514,0.03436426116838474,0.10828887560858069,0.05409347347673911,0.05351247607119863,0.3129714741786255,0.341848232618842
20_test,test,False,0.7959940652818991,0.9667862185684275,0.9485722322578377,0.7675097856106817,0.6227309366435596,0.12039539019376891,1.0983835685657977,102,1.5722540000909906,0.6527854216312123,0.21249084719193506,0.9962601527457874,0.000370919881305638,0.9848764384356904,0.8798846710002944,0.0006582074816250411,0.00032921208574145875,0.7087279059227631,0.7670911528150134,0.762780420208981,0.7550947761858147,0.7604450136065312,0.11874347677500993,1.09391113771953,104,1.3588465617428556,0.6832725257979406,0.2219264564061852,0.7508377165370321,0.11535228700214291,1.0876321157526405,99,1.329290381526447,0.6984132110027008,0.2253015055747614,0.39665350257898707,Medium,0.1045981026568069,0.07563494656759304,0.03436426116838474,0.09020842211446686,0.04813227615639039,0.04371549391534518,0.3042206804409385,0.2582101384901227
